{
  "project_info": {
    "project_number": "510101339348",
    "firebase_url": "https://smileornosmile-68c5b.firebaseio.com",
    "project_id": "smileornosmile-68c5b",
    "storage_bucket": "smileornosmile-68c5b.appspot.com"
  },
  "client": [
    {
      "client_info": {
        "mobilesdk_app_id": "1:510101339348:android:de7d71e66a1ff2cc0d8f41",
        "android_client_info": {
          "package_name": "com.facial.smileornosmile"
        }
      },
      "oauth_client": [
        {
          "client_id": "510101339348-hfpe90b5g0td3kkjv9omibjkqanbdmbq.apps.googleusercontent.com",
          "client_type": 3
        }
      ],
      "api_key": [
        {
          "current_key": "AIzaSyDXP-k6PM_l324Dpij0l3mPn2zPfr8JpWw"
        }
      ],
      "services": {
        "appinvite_service": {
          "other_platform_oauth_client": [
            {
              "client_id": "510101339348-hfpe90b5g0td3kkjv9omibjkqanbdmbq.apps.googleusercontent.com",
              "client_type": 3
            }
          ]
        }
      }
    }
  ],
  "configuration_version": "1"
}